hour,demand_MW,coal1_MW,coal2_MW,solar_MW,avg_load_pct,lines_in_service,L1-A_load_pct,L2-A_load_pct,L3-B_load_pct,L4-C_load_pct,L5-D_load_pct
0,359.13,300,200,0.0,39.51,5,39.51,39.51,39.51,39.51,39.51
1,363.15,300,200,0.0,39.51,5,39.51,39.51,39.51,39.51,39.51
2,399.74,300,200,0.0,55.87,3,55.87,0.0,55.87,55.87,0.0
3,410.11,300,200,0.0,55.87,3,55.87,0.0,55.87,55.87,0.0
4,367.61,300,200,0.0,68.35,3,0.0,68.35,68.35,68.35,0.0
5,363.79,300,200,0.0,68.35,3,0.0,68.35,68.35,68.35,0.0
6,554.85,300,200,0.0,68.35,3,0.0,68.35,68.35,68.35,0.0
7,576.01,300,200,27.65,73.01,4,0.0,73.01,73.01,73.01,73.01
8,687.69,300,200,44.27,106.67,3,0.0,106.67,106.67,0.0,106.67
9,706.21,300,200,78.19,106.67,3,0.0,106.67,106.67,0.0,106.67
10,592.09,300,200,98.7,89.39,4,89.39,89.39,89.39,0.0,89.39
11,594.1,300,200,134.51,89.39,4,89.39,89.39,89.39,0.0,89.39
12,554.59,300,200,95.5,89.39,4,89.39,89.39,89.39,0.0,89.39
13,572.95,300,200,141.65,89.39,4,89.39,89.39,89.39,0.0,89.39
14,568.53,300,200,97.86,56.73,5,56.73,56.73,56.73,56.73,56.73
15,617.34,300,200,87.67,56.73,5,56.73,56.73,56.73,56.73,56.73
16,556.63,300,200,86.78,74.38,4,74.38,74.38,0.0,74.38,74.38
17,683.25,300,200,87.66,74.38,4,74.38,74.38,0.0,74.38,74.38
18,689.75,300,200,54.57,74.38,4,74.38,74.38,0.0,74.38,74.38
19,715.04,300,200,22.31,68.29,5,68.29,68.29,68.29,68.29,68.29
20,529.93,300,200,0.0,68.29,5,68.29,68.29,68.29,68.29,68.29
21,521.27,300,200,0.0,62.35,4,62.35,62.35,62.35,62.35,0.0
22,523.77,300,200,0.0,62.35,4,62.35,62.35,62.35,62.35,0.0
23,362.0,300,200,0.0,51.86,5,51.86,51.86,51.86,51.86,51.86
24,374.73,300,200,0.0,51.86,5,51.86,51.86,51.86,51.86,51.86
25,370.57,300,200,0.0,51.86,5,51.86,51.86,51.86,51.86,51.86
26,365.37,300,200,0.0,51.86,5,51.86,51.86,51.86,51.86,51.86
27,362.11,300,200,0.0,51.86,5,51.86,51.86,51.86,51.86,51.86
28,372.97,300,200,0.0,51.86,5,51.86,51.86,51.86,51.86,51.86
29,388.22,300,200,0.0,51.86,5,51.86,51.86,51.86,51.86,51.86
30,550.36,300,200,0.0,51.86,5,51.86,51.86,51.86,51.86,51.86
31,576.01,300,200,23.45,51.86,5,51.86,51.86,51.86,51.86,51.86
32,742.51,300,200,43.11,51.86,5,51.86,51.86,51.86,51.86,51.86
33,745.48,300,200,86.62,51.86,5,51.86,51.86,51.86,51.86,51.86
34,556.31,300,200,85.67,51.86,5,51.86,51.86,51.86,51.86,51.86
35,614.73,300,200,100.06,51.86,5,51.86,51.86,51.86,51.86,51.86
36,590.15,300,200,144.18,51.86,5,51.86,51.86,51.86,51.86,51.86
37,562.73,300,200,140.06,51.86,5,51.86,51.86,51.86,51.86,51.86
38,560.29,300,200,95.91,51.86,5,51.86,51.86,51.86,51.86,51.86
39,586.48,300,200,109.83,51.86,5,51.86,51.86,51.86,51.86,51.86
40,572.0,300,200,99.95,51.86,5,51.86,51.86,51.86,51.86,51.86
41,687.26,300,200,93.36,51.86,5,51.86,51.86,51.86,51.86,51.86
42,692.75,300,200,46.62,51.86,5,51.86,51.86,51.86,51.86,51.86
43,735.61,300,200,18.48,51.86,5,51.86,51.86,51.86,51.86,51.86
44,555.96,300,200,0.0,51.86,5,51.86,51.86,51.86,51.86,51.86
45,537.16,300,200,0.0,51.86,5,51.86,51.86,51.86,51.86,51.86
46,537.98,300,200,0.0,51.86,5,51.86,51.86,51.86,51.86,51.86
47,385.3,300,200,0.0,70.79,4,0.0,70.79,70.79,70.79,70.79
48,392.96,300,200,0.0,68.8,3,0.0,0.0,68.8,68.8,68.8
49,365.78,300,200,0.0,68.8,3,0.0,0.0,68.8,68.8,68.8
50,415.93,300,200,0.0,45.16,4,45.16,0.0,45.16,45.16,45.16
51,414.97,300,200,0.0,45.16,4,45.16,0.0,45.16,45.16,45.16
52,413.7,300,200,0.0,45.16,4,45.16,0.0,45.16,45.16,45.16
53,379.09,300,200,0.0,48.67,4,48.67,48.67,48.67,48.67,0.0
54,571.18,300,200,0.0,48.67,4,48.67,48.67,48.67,48.67,0.0
55,549.92,300,200,30.62,48.67,4,48.67,48.67,48.67,48.67,0.0
56,703.84,300,200,41.45,87.29,3,87.29,87.29,87.29,0.0,0.0
57,746.27,300,200,68.26,89.09,4,89.09,89.09,89.09,0.0,89.09
58,615.06,300,200,73.92,89.09,4,89.09,89.09,89.09,0.0,89.09
59,591.9,300,200,93.41,89.09,4,89.09,89.09,89.09,0.0,89.09
60,552.61,300,200,127.08,58.6,5,58.6,58.6,58.6,58.6,58.6
61,557.05,300,200,107.08,58.6,5,58.6,58.6,58.6,58.6,58.6
62,572.6,300,200,100.2,58.6,5,58.6,58.6,58.6,58.6,58.6
63,596.53,300,200,131.52,58.6,5,58.6,58.6,58.6,58.6,58.6
64,590.2,300,200,87.19,70.18,4,70.18,70.18,70.18,70.18,0.0
65,741.08,300,200,71.35,70.18,4,70.18,70.18,70.18,70.18,0.0
66,704.29,300,200,54.33,73.37,5,73.37,73.37,73.37,73.37,73.37
67,698.41,300,200,18.72,73.37,5,73.37,73.37,73.37,73.37,73.37
68,565.26,300,200,0.0,73.37,5,73.37,73.37,73.37,73.37,73.37
69,526.93,300,200,0.0,71.55,4,71.55,71.55,71.55,0.0,71.55
70,523.26,300,200,0.0,71.55,4,71.55,71.55,71.55,0.0,71.55
71,400.89,300,200,0.0,71.55,4,71.55,71.55,71.55,0.0,71.55
